"","city.state","Year","n","lon","lat","geoAddress"
"1","Albany , GA",1974,1,-84.155741,31.5785074,"albany, ga, usa"
"2","Alexandria , LA",1974,1,-92.4451371,31.3112936,"alexandria, la, usa"
"3","Amarillo , TX",1965,1,-101.8312969,35.2219971,"amarillo, tx, usa"
"4","Amarillo , TX",1966,1,-101.8312969,35.2219971,"amarillo, tx, usa"
"5","Amarillo , TX",1968,2,-101.8312969,35.2219971,"amarillo, tx, usa"
"6","Amarillo , TX",1969,2,-101.8312969,35.2219971,"amarillo, tx, usa"
"7","Amarillo , TX",1971,1,-101.8312969,35.2219971,"amarillo, tx, usa"
"8","Amarillo , TX",1974,1,-101.8312969,35.2219971,"amarillo, tx, usa"
"9","Asheville , NC",1974,1,-82.5514869,35.5950581,"asheville, nc, usa"
"10","Athens , GA",1974,1,-83.357567,33.9519347,"athens, ga, usa"
"11","Atlanta , GA",1965,7,-84.3879824,33.7489954,"atlanta, ga, usa"
"12","Atlanta , GA",1966,6,-84.3879824,33.7489954,"atlanta, ga, usa"
"13","Atlanta , GA",1968,11,-84.3879824,33.7489954,"atlanta, ga, usa"
"14","Atlanta , GA",1969,12,-84.3879824,33.7489954,"atlanta, ga, usa"
"15","Atlanta , GA",1971,20,-84.3879824,33.7489954,"atlanta, ga, usa"
"16","Atlanta , GA",1974,10,-84.3879824,33.7489954,"atlanta, ga, usa"
"17","Auburn , AL",1971,1,-85.4807825,32.6098566,"auburn, al, usa"
"18","Augusta , GA",1965,1,-82.0105148,33.4734978,"augusta, ga, usa"
"19","Augusta , GA",1966,1,-82.0105148,33.4734978,"augusta, ga, usa"
"20","Augusta , GA",1968,1,-82.0105148,33.4734978,"augusta, ga, usa"
"21","Augusta , GA",1969,1,-82.0105148,33.4734978,"augusta, ga, usa"
"22","Augusta , GA",1971,1,-82.0105148,33.4734978,"augusta, ga, usa"
"23","Austin , TX",1965,2,-97.7430608,30.267153,"austin, tx, usa"
"24","Austin , TX",1966,3,-97.7430608,30.267153,"austin, tx, usa"
"25","Austin , TX",1968,3,-97.7430608,30.267153,"austin, tx, usa"
"26","Austin , TX",1969,6,-97.7430608,30.267153,"austin, tx, usa"
"27","Austin , TX",1971,3,-97.7430608,30.267153,"austin, tx, usa"
"28","Austin , TX",1974,2,-97.7430608,30.267153,"austin, tx, usa"
"29","Baton Rouge , LA",1965,4,-91.1871466,30.4514677,"baton rouge, la, usa"
"30","Baton Rouge , LA",1966,3,-91.1871466,30.4514677,"baton rouge, la, usa"
"31","Baton Rouge , LA",1968,3,-91.1871466,30.4514677,"baton rouge, la, usa"
"32","Baton Rouge , LA",1969,4,-91.1871466,30.4514677,"baton rouge, la, usa"
"33","Baton Rouge , LA",1971,2,-91.1871466,30.4514677,"baton rouge, la, usa"
"34","Baton Rouge , LA",1974,2,-91.1871466,30.4514677,"baton rouge, la, usa"
"35","Beaumont , TX",1965,1,-94.1265562,30.080174,"beaumont, tx, usa"
"36","Beaumont , TX",1968,1,-94.1265562,30.080174,"beaumont, tx, usa"
"37","Beaumont , TX",1969,2,-94.1265562,30.080174,"beaumont, tx, usa"
"38","Beaumont , TX",1971,1,-94.1265562,30.080174,"beaumont, tx, usa"
"39","Beaumont , TX",1974,1,-94.1265562,30.080174,"beaumont, tx, usa"
"40","Biloxi , MS",1965,3,-88.8853078,30.3960318,"biloxi, ms, usa"
"41","Biloxi , MS",1966,1,-88.8853078,30.3960318,"biloxi, ms, usa"
"42","Biloxi , MS",1968,3,-88.8853078,30.3960318,"biloxi, ms, usa"
"43","Biloxi , MS",1969,3,-88.8853078,30.3960318,"biloxi, ms, usa"
"44","Biloxi , MS",1971,2,-88.8853078,30.3960318,"biloxi, ms, usa"
"45","Biloxi , MS",1974,1,-88.8853078,30.3960318,"biloxi, ms, usa"
"46","Birmingham , AL",1965,5,-86.8103567,33.5185892,"birmingham, al, usa"
"47","Birmingham , AL",1966,6,-86.8103567,33.5185892,"birmingham, al, usa"
"48","Birmingham , AL",1968,6,-86.8103567,33.5185892,"birmingham, al, usa"
"49","Birmingham , AL",1969,5,-86.8103567,33.5185892,"birmingham, al, usa"
"50","Birmingham , AL",1971,7,-86.8103567,33.5185892,"birmingham, al, usa"
"51","Birmingham , AL",1974,2,-86.8103567,33.5185892,"birmingham, al, usa"
"52","Boynton Beach , FL",1971,1,-80.0905465,26.5317866,"boynton beach, fl, usa"
"53","Caldwell , TX",1971,1,-96.6930303,30.5313152,"caldwell, tx 77836, usa"
"54","Chapel Hill , NC",1965,1,-79.0558445,35.9131996,"chapel hill, nc, usa"
"55","Chapel Hill , NC",1966,1,-79.0558445,35.9131996,"chapel hill, nc, usa"
"56","Chapel Hill , NC",1968,1,-79.0558445,35.9131996,"chapel hill, nc, usa"
"57","Chapel Hill , NC",1969,1,-79.0558445,35.9131996,"chapel hill, nc, usa"
"58","Chapel Hill , NC",1974,2,-79.0558445,35.9131996,"chapel hill, nc, usa"
"59","Charleston , SC",1965,3,-79.9310512,32.7764749,"charleston, sc, usa"
"60","Charleston , SC",1966,3,-79.9310512,32.7764749,"charleston, sc, usa"
"61","Charleston , SC",1968,3,-79.9310512,32.7764749,"charleston, sc, usa"
"62","Charleston , SC",1969,2,-79.9310512,32.7764749,"charleston, sc, usa"
"63","Charleston , SC",1971,3,-79.9310512,32.7764749,"charleston, sc, usa"
"64","Charleston , SC",1974,4,-79.9310512,32.7764749,"charleston, sc, usa"
"65","Charlotte , NC",1965,2,-80.8431267,35.2270869,"charlotte, nc, usa"
"66","Charlotte , NC",1966,2,-80.8431267,35.2270869,"charlotte, nc, usa"
"67","Charlotte , NC",1968,3,-80.8431267,35.2270869,"charlotte, nc, usa"
"68","Charlotte , NC",1969,3,-80.8431267,35.2270869,"charlotte, nc, usa"
"69","Charlotte , NC",1971,2,-80.8431267,35.2270869,"charlotte, nc, usa"
"70","Charlottesville , VA",1969,1,-78.4766781,38.0293059,"charlottesville, va, usa"
"71","Charlottesville , VA",1971,1,-78.4766781,38.0293059,"charlottesville, va, usa"
"72","Chattanooga , TN",1965,4,-85.3096801,35.0456297,"chattanooga, tn, usa"
"73","Chattanooga , TN",1966,4,-85.3096801,35.0456297,"chattanooga, tn, usa"
"74","Chattanooga , TN",1968,4,-85.3096801,35.0456297,"chattanooga, tn, usa"
"75","Chattanooga , TN",1969,4,-85.3096801,35.0456297,"chattanooga, tn, usa"
"76","Chattanooga , TN",1971,2,-85.3096801,35.0456297,"chattanooga, tn, usa"
"77","Clearwater , FL",1965,1,-82.8001026,27.9658533,"clearwater, fl, usa"
"78","Clearwater , FL",1966,1,-82.8001026,27.9658533,"clearwater, fl, usa"
"79","Clearwater , FL",1968,2,-82.8001026,27.9658533,"clearwater, fl, usa"
"80","Clearwater , FL",1969,3,-82.8001026,27.9658533,"clearwater, fl, usa"
"81","Clearwater , FL",1971,2,-82.8001026,27.9658533,"clearwater, fl, usa"
"82","Clearwater , FL",1974,2,-82.8001026,27.9658533,"clearwater, fl, usa"
"83","Cocoa Beach , FL",1969,2,-80.6075513,28.3200067,"cocoa beach, fl 32931, usa"
"84","Cocoa Beach , FL",1971,1,-80.6075513,28.3200067,"cocoa beach, fl 32931, usa"
"85","Columbia , SC",1965,1,-81.0348144,34.0007104,"columbia, sc, usa"
"86","Columbia , SC",1966,1,-81.0348144,34.0007104,"columbia, sc, usa"
"87","Columbia , SC",1968,1,-81.0348144,34.0007104,"columbia, sc, usa"
"88","Columbia , SC",1969,1,-81.0348144,34.0007104,"columbia, sc, usa"
"89","Columbia , SC",1971,3,-81.0348144,34.0007104,"columbia, sc, usa"
"90","Columbia , SC",1974,2,-81.0348144,34.0007104,"columbia, sc, usa"
"91","Columbus , GA",1965,1,-84.9877094,32.4609764,"columbus, ga, usa"
"92","Columbus , GA",1966,1,-84.9877094,32.4609764,"columbus, ga, usa"
"93","Columbus , GA",1968,1,-84.9877094,32.4609764,"columbus, ga, usa"
"94","Columbus , GA",1969,2,-84.9877094,32.4609764,"columbus, ga, usa"
"95","Columbus , GA",1971,2,-84.9877094,32.4609764,"columbus, ga, usa"
"96","Columbus , MS",1974,2,-88.4272627,33.4956744,"columbus, ms, usa"
"97","Conroe , TX",1966,1,-95.4560512,30.3118769,"conroe, tx, usa"
"98","Conroe , TX",1968,1,-95.4560512,30.3118769,"conroe, tx, usa"
"99","Conroe , TX",1969,1,-95.4560512,30.3118769,"conroe, tx, usa"
"100","Conroe , TX",1971,1,-95.4560512,30.3118769,"conroe, tx, usa"
"101","Corpus Christi , TX",1965,1,-97.396381,27.8005828,"corpus christi, tx, usa"
"102","Corpus Christi , TX",1966,1,-97.396381,27.8005828,"corpus christi, tx, usa"
"103","Corpus Christi , TX",1968,1,-97.396381,27.8005828,"corpus christi, tx, usa"
"104","Corpus Christi , TX",1969,1,-97.396381,27.8005828,"corpus christi, tx, usa"
"105","Corpus Christi , TX",1971,1,-97.396381,27.8005828,"corpus christi, tx, usa"
"106","Covington , KY",1965,1,-84.5085536,39.0836712,"covington, ky, usa"
"107","Covington , KY",1966,1,-84.5085536,39.0836712,"covington, ky, usa"
"108","Covington , KY",1968,1,-84.5085536,39.0836712,"covington, ky, usa"
"109","Covington , KY",1969,3,-84.5085536,39.0836712,"covington, ky, usa"
"110","Covington , KY",1971,2,-84.5085536,39.0836712,"covington, ky, usa"
"111","Dallas , TX",1965,8,-96.7969879,32.7766642,"dallas, tx, usa"
"112","Dallas , TX",1966,9,-96.7969879,32.7766642,"dallas, tx, usa"
"113","Dallas , TX",1968,10,-96.7969879,32.7766642,"dallas, tx, usa"
"114","Dallas , TX",1969,12,-96.7969879,32.7766642,"dallas, tx, usa"
"115","Dallas , TX",1971,17,-96.7969879,32.7766642,"dallas, tx, usa"
"116","Dallas , TX",1974,8,-96.7969879,32.7766642,"dallas, tx, usa"
"117","Dania , FL",1966,1,-80.1439343,26.052311,"dania beach, fl, usa"
"118","Danville , VA",1971,1,-79.3950228,36.5859718,"danville, va, usa"
"119","Danville , VA",1974,1,-79.3950228,36.5859718,"danville, va, usa"
"120","Daytona Beach , FL",1965,2,-81.0228331,29.2108147,"daytona beach, fl, usa"
"121","Daytona Beach , FL",1966,3,-81.0228331,29.2108147,"daytona beach, fl, usa"
"122","Daytona Beach , FL",1968,4,-81.0228331,29.2108147,"daytona beach, fl, usa"
"123","Daytona Beach , FL",1969,3,-81.0228331,29.2108147,"daytona beach, fl, usa"
"124","Daytona Beach , FL",1971,2,-81.0228331,29.2108147,"daytona beach, fl, usa"
"125","Daytona Beach , FL",1974,3,-81.0228331,29.2108147,"daytona beach, fl, usa"
"126","Decatur , AL",1971,1,-86.9833417,34.6059253,"decatur, al, usa"
"127","Dillon , SC",1974,1,-79.3711579,34.4165505,"dillon, sc 29536, usa"
"128","Dothan , AL",1971,2,-85.3904888,31.2232313,"dothan, al, usa"
"129","Durham , NC",1965,2,-78.898619,35.9940329,"durham, nc, usa"
"130","Durham , NC",1966,2,-78.898619,35.9940329,"durham, nc, usa"
"131","Durham , NC",1968,2,-78.898619,35.9940329,"durham, nc, usa"
"132","Durham , NC",1969,2,-78.898619,35.9940329,"durham, nc, usa"
"133","Durham , NC",1971,2,-78.898619,35.9940329,"durham, nc, usa"
"134","Durham , NC",1974,1,-78.898619,35.9940329,"durham, nc, usa"
"135","El Paso , TX",1965,5,-106.4850217,31.7618778,"el paso, tx, usa"
"136","El Paso , TX",1966,7,-106.4850217,31.7618778,"el paso, tx, usa"
"137","El Paso , TX",1968,5,-106.4850217,31.7618778,"el paso, tx, usa"
"138","El Paso , TX",1969,6,-106.4850217,31.7618778,"el paso, tx, usa"
"139","El Paso , TX",1971,7,-106.4850217,31.7618778,"el paso, tx, usa"
"140","El Paso , TX",1974,3,-106.4850217,31.7618778,"el paso, tx, usa"
"141","Fayetteville , NC",1965,1,-78.8783585,35.0526641,"fayetteville, nc, usa"
"142","Fayetteville , NC",1966,1,-78.8783585,35.0526641,"fayetteville, nc, usa"
"143","Fayetteville , NC",1968,1,-78.8783585,35.0526641,"fayetteville, nc, usa"
"144","Fayetteville , NC",1969,1,-78.8783585,35.0526641,"fayetteville, nc, usa"
"145","Fayetteville , NC",1971,1,-78.8783585,35.0526641,"fayetteville, nc, usa"
"146","Fayetteville , NC",1974,1,-78.8783585,35.0526641,"fayetteville, nc, usa"
"147","Fayetteville , SC",1974,1,-78.8783585,35.0526641,"fayetteville, nc, usa"
"148","Florence , SC",1974,2,-79.7625625,34.1954331,"florence, sc, usa"
"149","Ft. Lauderdale , FL",1965,4,-80.1373174,26.1224386,"fort lauderdale, fl, usa"
"150","Ft. Lauderdale , FL",1966,2,-80.1373174,26.1224386,"fort lauderdale, fl, usa"
"151","Ft. Lauderdale , FL",1968,4,-80.1373174,26.1224386,"fort lauderdale, fl, usa"
"152","Ft. Lauderdale , FL",1969,5,-80.1373174,26.1224386,"fort lauderdale, fl, usa"
"153","Ft. Lauderdale , FL",1971,8,-80.1373174,26.1224386,"fort lauderdale, fl, usa"
"154","Ft. Lauderdale , FL",1974,6,-80.1373174,26.1224386,"fort lauderdale, fl, usa"
"155","Ft. Myers , FL",1965,1,-81.8723084,26.640628,"fort myers, fl, usa"
"156","Ft. Myers , FL",1966,2,-81.8723084,26.640628,"fort myers, fl, usa"
"157","Ft. Myers , FL",1968,2,-81.8723084,26.640628,"fort myers, fl, usa"
"158","Ft. Myers , FL",1969,2,-81.8723084,26.640628,"fort myers, fl, usa"
"159","Ft. Myers , FL",1971,2,-81.8723084,26.640628,"fort myers, fl, usa"
"160","Ft. Myers , FL",1974,2,-81.8723084,26.640628,"fort myers, fl, usa"
"161","Ft. Smith , AR",1971,1,-94.3985475,35.3859242,"fort smith, ar, usa"
"162","Ft. Smith , AR",1974,2,-94.3985475,35.3859242,"fort smith, ar, usa"
"163","Ft. Worth , TX",1966,1,-97.3307658,32.7554883,"fort worth, tx, usa"
"164","Ft. Worth , TX",1968,1,-97.3307658,32.7554883,"fort worth, tx, usa"
"165","Ft. Worth , TX",1969,2,-97.3307658,32.7554883,"fort worth, tx, usa"
"166","Ft. Worth , TX",1971,5,-97.3307658,32.7554883,"fort worth, tx, usa"
"167","Ft. Worth , TX",1974,2,-97.3307658,32.7554883,"fort worth, tx, usa"
"168","Gainesville , FL",1968,1,-82.3248262,29.6516344,"gainesville, fl, usa"
"169","Gainsville , FL",1969,1,-82.3248262,29.6516344,"gainesville, fl, usa"
"170","Gainsville , FL",1971,1,-82.3248262,29.6516344,"gainesville, fl, usa"
"171","Gainsville , FL",1974,3,-82.3248262,29.6516344,"gainesville, fl, usa"
"172","Galveston , TX",1965,2,-94.7976958,29.3013479,"galveston, tx, usa"
"173","Galveston , TX",1966,4,-94.7976958,29.3013479,"galveston, tx, usa"
"174","Galveston , TX",1968,3,-94.7976958,29.3013479,"galveston, tx, usa"
"175","Galveston , TX",1969,8,-94.7976958,29.3013479,"galveston, tx, usa"
"176","Galveston , TX",1971,2,-94.7976958,29.3013479,"galveston, tx, usa"
"177","Galveston , TX",1974,2,-94.7976958,29.3013479,"galveston, tx, usa"
"178","Greensboro , NC",1968,1,-79.7919754,36.0726354,"greensboro, nc, usa"
"179","Greensboro , NC",1969,1,-79.7919754,36.0726354,"greensboro, nc, usa"
"180","Greensboro , NC",1971,1,-79.7919754,36.0726354,"greensboro, nc, usa"
"181","Greensboro , NC",1974,1,-79.7919754,36.0726354,"greensboro, nc, usa"
"182","Greenville , NC",1971,1,-77.3663538,35.612661,"greenville, nc, usa"
"183","Greenville , SC",1968,1,-82.3940104,34.8526176,"greenville, sc, usa"
"184","Greenville , SC",1969,1,-82.3940104,34.8526176,"greenville, sc, usa"
"185","Greenville , SC",1971,1,-82.3940104,34.8526176,"greenville, sc, usa"
"186","Greenville , SC",1974,1,-82.3940104,34.8526176,"greenville, sc, usa"
"187","Greenwood , SC",1974,1,-82.1617883,34.1954001,"greenwood, sc, usa"
"188","Gulfport , MS",1971,1,-89.0928155,30.3674198,"gulfport, ms, usa"
"189","Gulfport , MS",1974,1,-89.0928155,30.3674198,"gulfport, ms, usa"
"190","Hallandale , FL",1968,1,-80.148379,25.9812024,"hallandale beach, fl 33009, usa"
"191","Hallandale , FL",1969,2,-80.148379,25.9812024,"hallandale beach, fl 33009, usa"
"192","Hallandale , FL",1971,2,-80.148379,25.9812024,"hallandale beach, fl 33009, usa"
"193","Hattiesburg , MS",1965,1,-89.2903392,31.3271189,"hattiesburg, ms, usa"
"194","Hattiesburg , MS",1966,1,-89.2903392,31.3271189,"hattiesburg, ms, usa"
"195","Hattiesburg , MS",1968,1,-89.2903392,31.3271189,"hattiesburg, ms, usa"
"196","Hattiesburg , MS",1969,1,-89.2903392,31.3271189,"hattiesburg, ms, usa"
"197","Hollywood , FL",1968,1,-80.1494901,26.0112014,"hollywood, fl, usa"
"198","Hollywood , FL",1969,1,-80.1494901,26.0112014,"hollywood, fl, usa"
"199","Hollywood , FL",1971,1,-80.1494901,26.0112014,"hollywood, fl, usa"
"200","Hot Springs , AR",1966,2,-93.0551795,34.5037004,"hot springs, ar, usa"
"201","Hot Springs , AR",1968,2,-93.0551795,34.5037004,"hot springs, ar, usa"
"202","Hot Springs , AR",1969,2,-93.0551795,34.5037004,"hot springs, ar, usa"
"203","Hot Springs , AR",1971,3,-93.0551795,34.5037004,"hot springs, ar, usa"
"204","Hot Springs , AR",1974,1,-93.0551795,34.5037004,"hot springs, ar, usa"
"205","Houston , TX",1965,13,-95.3698028,29.7604267,"houston, tx, usa"
"206","Houston , TX",1966,15,-95.3698028,29.7604267,"houston, tx, usa"
"207","Houston , TX",1968,14,-95.3698028,29.7604267,"houston, tx, usa"
"208","Houston , TX",1969,24,-95.3698028,29.7604267,"houston, tx, usa"
"209","Houston , TX",1971,26,-95.3698028,29.7604267,"houston, tx, usa"
"210","Houston , TX",1974,5,-95.3698028,29.7604267,"houston, tx, usa"
"211","Humble , TX",1968,1,-95.2621553,29.9988312,"humble, tx, usa"
"212","Humble , TX",1969,1,-95.2621553,29.9988312,"humble, tx, usa"
"213","Humble , TX",1971,1,-95.2621553,29.9988312,"humble, tx, usa"
"214","Huntsville , AL",1971,2,-86.5861037,34.7303688,"huntsville, al, usa"
"215","Jackson , MS",1965,3,-90.1848103,32.2987573,"jackson, ms, usa"
"216","Jackson , MS",1966,2,-90.1848103,32.2987573,"jackson, ms, usa"
"217","Jackson , MS",1968,2,-90.1848103,32.2987573,"jackson, ms, usa"
"218","Jackson , MS",1969,1,-90.1848103,32.2987573,"jackson, ms, usa"
"219","Jackson , MS",1971,1,-90.1848103,32.2987573,"jackson, ms, usa"
"220","Jackson , MS",1974,2,-90.1848103,32.2987573,"jackson, ms, usa"
"221","Jackson , TN",1965,2,-88.8139469,35.6145169,"jackson, tn, usa"
"222","Jackson , TN",1966,2,-88.8139469,35.6145169,"jackson, tn, usa"
"223","Jackson , TN",1968,2,-88.8139469,35.6145169,"jackson, tn, usa"
"224","Jackson , TN",1969,2,-88.8139469,35.6145169,"jackson, tn, usa"
"225","Jackson , TN",1971,1,-88.8139469,35.6145169,"jackson, tn, usa"
"226","Jackson , TN",1974,2,-88.8139469,35.6145169,"jackson, tn, usa"
"227","Jacksonville , FL",1965,3,-81.655651,30.3321838,"jacksonville, fl, usa"
"228","Jacksonville , FL",1966,3,-81.655651,30.3321838,"jacksonville, fl, usa"
"229","Jacksonville , FL",1968,4,-81.655651,30.3321838,"jacksonville, fl, usa"
"230","Jacksonville , FL",1969,5,-81.655651,30.3321838,"jacksonville, fl, usa"
"231","Jacksonville , FL",1971,4,-81.655651,30.3321838,"jacksonville, fl, usa"
"232","Jacksonville , FL",1974,2,-81.655651,30.3321838,"jacksonville, fl, usa"
"233","Jacksonville Beach , FL",1965,2,-81.3961338,30.2841224,"jacksonville beach, fl, usa"
"234","Jacksonville Beach , FL",1966,2,-81.3961338,30.2841224,"jacksonville beach, fl, usa"
"235","Jacksonville Beach , FL",1968,3,-81.3961338,30.2841224,"jacksonville beach, fl, usa"
"236","Jacksonville Beach , FL",1969,1,-81.3961338,30.2841224,"jacksonville beach, fl, usa"
"237","Jacksonville Beach , FL",1971,2,-81.3961338,30.2841224,"jacksonville beach, fl, usa"
"238","Jacksonville Beach , FL",1974,1,-81.3961338,30.2841224,"jacksonville beach, fl, usa"
"239","Key West , FL",1968,1,-81.7799871,24.5550593,"key west, fl 33040, usa"
"240","Key West , FL",1969,2,-81.7799871,24.5550593,"key west, fl 33040, usa"
"241","Key West , FL",1971,3,-81.7799871,24.5550593,"key west, fl 33040, usa"
"242","Key West , FL",1974,2,-81.7799871,24.5550593,"key west, fl 33040, usa"
"243","Killeen , TX",1974,1,-97.7277959,31.1171194,"killeen, tx, usa"
"244","Knoxville , TN",1965,3,-83.9207392,35.9606384,"knoxville, tn, usa"
"245","Knoxville , TN",1966,3,-83.9207392,35.9606384,"knoxville, tn, usa"
"246","Knoxville , TN",1968,3,-83.9207392,35.9606384,"knoxville, tn, usa"
"247","Knoxville , TN",1969,3,-83.9207392,35.9606384,"knoxville, tn, usa"
"248","Knoxville , TN",1971,3,-83.9207392,35.9606384,"knoxville, tn, usa"
"249","Knoxville , TN",1974,1,-83.9207392,35.9606384,"knoxville, tn, usa"
"250","Lafayette , LA",1966,1,-92.0198427,30.2240897,"lafayette, la, usa"
"251","Lafayette , LA",1968,1,-92.0198427,30.2240897,"lafayette, la, usa"
"252","Lafayette , LA",1969,1,-92.0198427,30.2240897,"lafayette, la, usa"
"253","Lafayette , LA",1974,1,-92.0198427,30.2240897,"lafayette, la, usa"
"254","Lake Charles , LA",1968,1,-93.2173758,30.2265949,"lake charles, la, usa"
"255","Lake Charles , LA",1971,2,-93.2173758,30.2265949,"lake charles, la, usa"
"256","Lake Charles , LA",1974,1,-93.2173758,30.2265949,"lake charles, la, usa"
"257","Lake Worth , FL",1971,1,-80.0684479,26.6167555,"lake worth, fl, usa"
"258","Laredo , TX",1974,1,-99.5075519,27.5035613,"laredo, tx, usa"
"259","Lexington , KY",1965,1,-84.5037164,38.0405837,"lexington, ky, usa"
"260","Lexington , KY",1966,1,-84.5037164,38.0405837,"lexington, ky, usa"
"261","Lexington , KY",1968,1,-84.5037164,38.0405837,"lexington, ky, usa"
"262","Lexington , KY",1969,2,-84.5037164,38.0405837,"lexington, ky, usa"
"263","Lexington , KY",1971,2,-84.5037164,38.0405837,"lexington, ky, usa"
"264","Lexington , KY",1974,2,-84.5037164,38.0405837,"lexington, ky, usa"
"265","Little Rock , AR",1965,1,-92.2895948,34.7464809,"little rock, ar, usa"
"266","Little Rock , AR",1966,1,-92.2895948,34.7464809,"little rock, ar, usa"
"267","Little Rock , AR",1968,1,-92.2895948,34.7464809,"little rock, ar, usa"
"268","Little Rock , AR",1969,2,-92.2895948,34.7464809,"little rock, ar, usa"
"269","Little Rock , AR",1971,2,-92.2895948,34.7464809,"little rock, ar, usa"
"270","Little Rock , AR",1974,3,-92.2895948,34.7464809,"little rock, ar, usa"
"271","Louisville , KY",1965,2,-85.7584557,38.2526647,"louisville, ky, usa"
"272","Louisville , KY",1966,2,-85.7584557,38.2526647,"louisville, ky, usa"
"273","Louisville , KY",1968,2,-85.7584557,38.2526647,"louisville, ky, usa"
"274","Louisville , KY",1969,3,-85.7584557,38.2526647,"louisville, ky, usa"
"275","Louisville , KY",1971,4,-85.7584557,38.2526647,"louisville, ky, usa"
"276","Louisville , KY",1974,5,-85.7584557,38.2526647,"louisville, ky, usa"
"277","Macon , GA",1965,1,-83.6324022,32.8406946,"macon, ga, usa"
"278","Macon , GA",1966,1,-83.6324022,32.8406946,"macon, ga, usa"
"279","Macon , GA",1968,1,-83.6324022,32.8406946,"macon, ga, usa"
"280","Macon , GA",1969,1,-83.6324022,32.8406946,"macon, ga, usa"
"281","Macon , GA",1971,1,-83.6324022,32.8406946,"macon, ga, usa"
"282","McAllen , TX",1969,3,-98.2300124,26.2034071,"mcallen, tx, usa"
"283","McAllen , TX",1971,4,-98.2300124,26.2034071,"mcallen, tx, usa"
"284","McAllen , TX",1974,1,-98.2300124,26.2034071,"mcallen, tx, usa"
"285","Memphis , TN",1965,6,-90.0489801,35.1495343,"memphis, tn, usa"
"286","Memphis , TN",1966,7,-90.0489801,35.1495343,"memphis, tn, usa"
"287","Memphis , TN",1968,7,-90.0489801,35.1495343,"memphis, tn, usa"
"288","Memphis , TN",1969,4,-90.0489801,35.1495343,"memphis, tn, usa"
"289","Memphis , TN",1971,2,-90.0489801,35.1495343,"memphis, tn, usa"
"290","Memphis , TN",1974,2,-90.0489801,35.1495343,"memphis, tn, usa"
"291","Meridian , MS",1971,1,-88.703656,32.3643098,"meridian, ms, usa"
"292","Meridian , MS",1974,1,-88.703656,32.3643098,"meridian, ms, usa"
"293","Metarie , LA",1968,1,-90.1528519,29.9840922,"metairie, la, usa"
"294","Metarie , LA",1969,1,-90.1528519,29.9840922,"metairie, la, usa"
"295","Miami , FL",1965,12,-80.1917902,25.7616798,"miami, fl, usa"
"296","Miami , FL",1966,11,-80.1917902,25.7616798,"miami, fl, usa"
"297","Miami , FL",1968,18,-80.1917902,25.7616798,"miami, fl, usa"
"298","Miami , FL",1969,22,-80.1917902,25.7616798,"miami, fl, usa"
"299","Miami , FL",1971,20,-80.1917902,25.7616798,"miami, fl, usa"
"300","Miami , FL",1974,5,-80.1917902,25.7616798,"miami, fl, usa"
"301","Miami Beach , FL",1965,4,-80.1300455,25.790654,"miami beach, fl, usa"
"302","Miami Beach , FL",1966,4,-80.1300455,25.790654,"miami beach, fl, usa"
"303","Miami Beach , FL",1968,8,-80.1300455,25.790654,"miami beach, fl, usa"
"304","Miami Beach , FL",1969,8,-80.1300455,25.790654,"miami beach, fl, usa"
"305","Miami Beach , FL",1971,8,-80.1300455,25.790654,"miami beach, fl, usa"
"306","Miami Beach , FL",1974,3,-80.1300455,25.790654,"miami beach, fl, usa"
"307","Midland , TX",1969,1,-102.0779146,31.9973456,"midland, tx, usa"
"308","Mobile , AL",1965,2,-88.0398912,30.6953657,"mobile, al, usa"
"309","Mobile , AL",1966,2,-88.0398912,30.6953657,"mobile, al, usa"
"310","Mobile , AL",1968,2,-88.0398912,30.6953657,"mobile, al, usa"
"311","Mobile , AL",1969,4,-88.0398912,30.6953657,"mobile, al, usa"
"312","Mobile , AL",1971,4,-88.0398912,30.6953657,"mobile, al, usa"
"313","Mobile , AL",1974,2,-88.0398912,30.6953657,"mobile, al, usa"
"314","Monroe , LA",1971,1,-92.1193012,32.5093109,"monroe, la, usa"
"315","Montgomery , AL",1965,3,-86.3077368,32.3792233,"montgomery, al, usa"
"316","Montgomery , AL",1966,3,-86.3077368,32.3792233,"montgomery, al, usa"
"317","Montgomery , AL",1968,3,-86.3077368,32.3792233,"montgomery, al, usa"
"318","Montgomery , AL",1969,2,-86.3077368,32.3792233,"montgomery, al, usa"
"319","Montgomery , AL",1971,1,-86.3077368,32.3792233,"montgomery, al, usa"
"320","Myrtle Beach , SC",1971,2,-78.8866943,33.6890603,"myrtle beach, sc, usa"
"321","Myrtle Beach , SC",1974,1,-78.8866943,33.6890603,"myrtle beach, sc, usa"
"322","Nashville , TN",1965,2,-86.7816016,36.1626638,"nashville, tn, usa"
"323","Nashville , TN",1966,4,-86.7816016,36.1626638,"nashville, tn, usa"
"324","Nashville , TN",1968,4,-86.7816016,36.1626638,"nashville, tn, usa"
"325","Nashville , TN",1969,4,-86.7816016,36.1626638,"nashville, tn, usa"
"326","Nashville , TN",1971,3,-86.7816016,36.1626638,"nashville, tn, usa"
"327","New Orleans , LA",1965,9,-90.0715323,29.9510658,"new orleans, la, usa"
"328","New Orleans , LA",1966,12,-90.0715323,29.9510658,"new orleans, la, usa"
"329","New Orleans , LA",1968,13,-90.0715323,29.9510658,"new orleans, la, usa"
"330","New Orleans , LA",1969,13,-90.0715323,29.9510658,"new orleans, la, usa"
"331","New Orleans , LA",1971,20,-90.0715323,29.9510658,"new orleans, la, usa"
"332","New Orleans , LA",1974,8,-90.0715323,29.9510658,"new orleans, la, usa"
"333","Newport , KY",1974,1,-84.4957757,39.091449,"newport, ky 41071, usa"
"334","Norfolk , TX",1965,1,-76.2128029,36.8611669,"5649 lowery rd, norfolk, va 23502, usa"
"335","Norfolk , VA",1966,1,-76.2858726,36.8507689,"norfolk, va, usa"
"336","Norfolk , VA",1968,1,-76.2858726,36.8507689,"norfolk, va, usa"
"337","Norfolk , VA",1969,4,-76.2858726,36.8507689,"norfolk, va, usa"
"338","Norfolk , VA",1971,5,-76.2858726,36.8507689,"norfolk, va, usa"
"339","Norfolk , VA",1974,4,-76.2858726,36.8507689,"norfolk, va, usa"
"340","Odessa , TX",1971,1,-102.3676431,31.8456816,"odessa, tx, usa"
"341","Orlando , FL",1968,1,-81.3792365,28.5383355,"orlando, fl, usa"
"342","Orlando , FL",1969,2,-81.3792365,28.5383355,"orlando, fl, usa"
"343","Orlando , FL",1971,2,-81.3792365,28.5383355,"orlando, fl, usa"
"344","Orlando , FL",1974,1,-81.3792365,28.5383355,"orlando, fl, usa"
"345","Palm Beach , FL",1965,1,-80.0364297,26.7056206,"palm beach, fl, usa"
"346","Palm Beach , FL",1966,1,-80.0364297,26.7056206,"palm beach, fl, usa"
"347","Palm Beach , FL",1968,1,-80.0364297,26.7056206,"palm beach, fl, usa"
"348","Pensacola , FL",1965,2,-87.2169149,30.421309,"pensacola, fl, usa"
"349","Pensacola , FL",1966,2,-87.2169149,30.421309,"pensacola, fl, usa"
"350","Pensacola , FL",1968,2,-87.2169149,30.421309,"pensacola, fl, usa"
"351","Pensacola , FL",1969,2,-87.2169149,30.421309,"pensacola, fl, usa"
"352","Pensacola , FL",1971,3,-87.2169149,30.421309,"pensacola, fl, usa"
"353","Pensacola , FL",1974,1,-87.2169149,30.421309,"pensacola, fl, usa"
"354","Ponce De Leon , FL",1974,1,-85.9374357,30.7229671,"ponce de leon, fl 32455, usa"
"355","Raleigh , NC",1965,1,-78.6381787,35.7795897,"raleigh, nc, usa"
"356","Raleigh , NC",1966,1,-78.6381787,35.7795897,"raleigh, nc, usa"
"357","Raleigh , NC",1968,1,-78.6381787,35.7795897,"raleigh, nc, usa"
"358","Richmond , TX",1965,1,-95.7607832,29.5821811,"richmond, tx, usa"
"359","Richmond , VA",1966,2,-77.4360481,37.5407246,"richmond, va, usa"
"360","Richmond , VA",1968,2,-77.4360481,37.5407246,"richmond, va, usa"
"361","Richmond , VA",1969,1,-77.4360481,37.5407246,"richmond, va, usa"
"362","Richmond , VA",1971,1,-77.4360481,37.5407246,"richmond, va, usa"
"363","Richmond , VA",1974,4,-77.4360481,37.5407246,"richmond, va, usa"
"364","Roanoke , TX",1965,1,-97.2258483,33.0040126,"roanoke, tx, usa"
"365","Roanoke , VA",1969,1,-79.9414266,37.2709704,"roanoke, va, usa"
"366","Roanoke , VA",1971,1,-79.9414266,37.2709704,"roanoke, va, usa"
"367","San Antonio , TX",1965,4,-98.4936282,29.4241219,"san antonio, tx, usa"
"368","San Antonio , TX",1966,6,-98.4936282,29.4241219,"san antonio, tx, usa"
"369","San Antonio , TX",1968,7,-98.4936282,29.4241219,"san antonio, tx, usa"
"370","San Antonio , TX",1969,8,-98.4936282,29.4241219,"san antonio, tx, usa"
"371","San Antonio , TX",1971,9,-98.4936282,29.4241219,"san antonio, tx, usa"
"372","San Antonio , TX",1974,6,-98.4936282,29.4241219,"san antonio, tx, usa"
"373","Sarasota , FL",1965,2,-82.5306527,27.3364347,"sarasota, fl, usa"
"374","Sarasota , FL",1966,2,-82.5306527,27.3364347,"sarasota, fl, usa"
"375","Sarasota , FL",1968,4,-82.5306527,27.3364347,"sarasota, fl, usa"
"376","Sarasota , FL",1969,4,-82.5306527,27.3364347,"sarasota, fl, usa"
"377","Sarasota , FL",1971,3,-82.5306527,27.3364347,"sarasota, fl, usa"
"378","Sarasota , FL",1974,1,-82.5306527,27.3364347,"sarasota, fl, usa"
"379","Savannah , GA",1965,4,-81.091203,32.0808989,"savannah, ga, usa"
"380","Savannah , GA",1966,4,-81.091203,32.0808989,"savannah, ga, usa"
"381","Savannah , GA",1968,3,-81.091203,32.0808989,"savannah, ga, usa"
"382","Savannah , GA",1969,8,-81.091203,32.0808989,"savannah, ga, usa"
"383","Savannah , GA",1971,7,-81.091203,32.0808989,"savannah, ga, usa"
"384","Savannah , GA",1974,3,-81.091203,32.0808989,"savannah, ga, usa"
"385","Savannah Beach , GA",1969,3,-80.845666,32.0002152,"tybee island, ga 31328, usa"
"386","Savannah Beach , GA",1971,5,-80.845666,32.0002152,"tybee island, ga 31328, usa"
"387","Savannah Beach , GA",1974,2,-80.845666,32.0002152,"tybee island, ga 31328, usa"
"388","Shreveport , LA",1965,1,-93.7501789,32.5251516,"shreveport, la, usa"
"389","Shreveport , LA",1966,3,-93.7501789,32.5251516,"shreveport, la, usa"
"390","Shreveport , LA",1968,3,-93.7501789,32.5251516,"shreveport, la, usa"
"391","Shreveport , LA",1969,4,-93.7501789,32.5251516,"shreveport, la, usa"
"392","Shreveport , LA",1971,2,-93.7501789,32.5251516,"shreveport, la, usa"
"393","St. Petersburg , FL",1965,2,-82.6402915,27.7676008,"st. petersburg, fl, usa"
"394","St. Petersburg , FL",1966,2,-82.6402915,27.7676008,"st. petersburg, fl, usa"
"395","St. Petersburg , FL",1968,4,-82.6402915,27.7676008,"st. petersburg, fl, usa"
"396","St. Petersburg , FL",1969,5,-82.6402915,27.7676008,"st. petersburg, fl, usa"
"397","St. Petersburg , FL",1971,7,-82.6402915,27.7676008,"st. petersburg, fl, usa"
"398","St. Petersburg , FL",1974,1,-82.6402915,27.7676008,"st. petersburg, fl, usa"
"399","Tallahassee , FL",1965,2,-84.2807329,30.4382559,"tallahassee, fl, usa"
"400","Tallahassee , FL",1966,2,-84.2807329,30.4382559,"tallahassee, fl, usa"
"401","Tallahassee , FL",1968,3,-84.2807329,30.4382559,"tallahassee, fl, usa"
"402","Tallahassee , FL",1969,3,-84.2807329,30.4382559,"tallahassee, fl, usa"
"403","Tallahassee , FL",1971,2,-84.2807329,30.4382559,"tallahassee, fl, usa"
"404","Tallahassee , FL",1974,1,-84.2807329,30.4382559,"tallahassee, fl, usa"
"405","Tampa , FL",1965,5,-82.4571776,27.950575,"tampa, fl, usa"
"406","Tampa , FL",1966,5,-82.4571776,27.950575,"tampa, fl, usa"
"407","Tampa , FL",1968,5,-82.4571776,27.950575,"tampa, fl, usa"
"408","Tampa , FL",1969,5,-82.4571776,27.950575,"tampa, fl, usa"
"409","Tampa , FL",1971,6,-82.4571776,27.950575,"tampa, fl, usa"
"410","Tampa , FL",1974,4,-82.4571776,27.950575,"tampa, fl, usa"
"411","Texarcana , AR",1969,1,-94.0376881,33.4417915,"texarkana, ar 71854, usa"
"412","Texarcana , AR",1971,1,-94.0376881,33.4417915,"texarkana, ar 71854, usa"
"413","Texarcana , AR",1974,1,-94.0376881,33.4417915,"texarkana, ar 71854, usa"
"414","Titusville , FL",1969,2,-80.8075537,28.6122187,"titusville, fl, usa"
"415","Tupelo , MS",1969,1,-88.7033859,34.2576066,"tupelo, ms, usa"
"416","Tupelo , MS",1971,1,-88.7033859,34.2576066,"tupelo, ms, usa"
"417","Tupelo , MS",1974,2,-88.7033859,34.2576066,"tupelo, ms, usa"
"418","Tuscaloosa , AL",1969,1,-87.5691735,33.2098407,"tuscaloosa, al, usa"
"419","Tuscaloosa , AL",1971,2,-87.5691735,33.2098407,"tuscaloosa, al, usa"
"420","Tuscaloosa , AL",1974,1,-87.5691735,33.2098407,"tuscaloosa, al, usa"
"421","Vicksberg , MS",1974,1,-90.877882,32.3526456,"vicksburg, ms, usa"
"422","Virginia Beach , TX",1965,2,-76.127558,36.822719,"4309 silverleaf dr, virginia beach, va 23462, usa"
"423","Virginia Beach , VA",1965,1,-75.977985,36.8529263,"virginia beach, va, usa"
"424","Virginia Beach , VA",1966,3,-75.977985,36.8529263,"virginia beach, va, usa"
"425","Virginia Beach , VA",1968,4,-75.977985,36.8529263,"virginia beach, va, usa"
"426","Virginia Beach , VA",1969,2,-75.977985,36.8529263,"virginia beach, va, usa"
"427","Waco , TX",1974,3,-97.1466695,31.549333,"waco, tx, usa"
"428","West Palm Beach , FL",1965,1,-80.0533746,26.7153424,"west palm beach, fl, usa"
"429","West Palm Beach , FL",1966,1,-80.0533746,26.7153424,"west palm beach, fl, usa"
"430","West Palm Beach , FL",1968,1,-80.0533746,26.7153424,"west palm beach, fl, usa"
"431","West Palm Beach , FL",1969,1,-80.0533746,26.7153424,"west palm beach, fl, usa"
"432","West Palm Beach , FL",1971,1,-80.0533746,26.7153424,"west palm beach, fl, usa"
"433","West Palm Beach , FL",1974,2,-80.0533746,26.7153424,"west palm beach, fl, usa"
"434","Wichita Falls , TX",1965,2,-98.4933873,33.9137085,"wichita falls, tx, usa"
"435","Wichita Falls , TX",1966,2,-98.4933873,33.9137085,"wichita falls, tx, usa"
"436","Wichita Falls , TX",1968,2,-98.4933873,33.9137085,"wichita falls, tx, usa"
"437","Wichita Falls , TX",1969,2,-98.4933873,33.9137085,"wichita falls, tx, usa"
"438","Wilmington , NC",1966,2,-77.8868117,34.2103894,"wilmington, nc, usa"
"439","Wilmington , NC",1968,2,-77.8868117,34.2103894,"wilmington, nc, usa"
"440","Wilmington , NC",1969,5,-77.8868117,34.2103894,"wilmington, nc, usa"
"441","Wilmington , NC",1971,1,-77.8868117,34.2103894,"wilmington, nc, usa"
"442","Woonsocket , NC",1969,3,-71.5147839,42.0028761,"woonsocket, ri 02895, usa"
"443","Wrightsville Beach , NC",1971,1,-77.7963709,34.2085036,"wrightsville beach, nc, usa"
"444","Wrightsville Beach , NC",1974,1,-77.7963709,34.2085036,"wrightsville beach, nc, usa"
